first_name,last_name,email,zip,
JAMES,SMITH,BarbaraDMeadows30292@gmail.com,10001,
JOHN,JOHNSON,MeganKCrosby76134@gmail.com,10001,
ROBERT,WILLIAMS,GraceDForth64869@gmail.com,10001,
MICHAEL,JONES,DorothyDHutchens92672@gmail.com,10001,
WILLIAM,BROWN,JessicaJJackson67907@gmail.com,10001,
DAVID,DAVIS,MoniqueGJimenez64153@gmail.com,10001,
RICHARD,MILLER,MyrtieNKing87562@gmail.com,10001,
CHARLES,WILSON,KiaraHDealba78614@gmail.com,10001,
JOSEPH,MOORE,HollySValles52713@gmail.com,10001,
THOMAS,TAYLOR,HelenRFabela77893@gmail.com,10001,
CHRISTOPHER,ANDERSON,GraceDForth05082@gmail.com,10001,
DANIEL,THOMAS,HazelMSale51346@gmail.com,10001,
PAUL,JACKSON,JenniferJCameron03708@gmail.com,10001,
MARK,WHITE,MelissaJStanley34936@gmail.com,10001,
DONALD,HARRIS,JohnnieLEchols85789@gmail.com,10001,
GEORGE,MARTIN,BettieAWebb09737@gmail.com,10001,
KENNETH,THOMPSON,AnnTRoyall95771@gmail.com,10001,
STEVEN,GARCIA,GraceDForth97976@gmail.com,10001,
EDWARD,MARTINEZ,GeorgiaRHanes99034@gmail.com,10001,
BRIAN,ROBINSON,IngridRRobinson17210@gmail.com,10001,
RONALD,CLARK,DorothyFRizo85787@gmail.com,10001,
ANTHONY,RODRIGUEZ,AngelineGHerrera25439@gmail.com,10001,
KEVIN,LEWIS,RobinJMurray83911@gmail.com,10001,
JASON,LEE,TamelaTGilman62356@gmail.com,10001,
MATTHEW,WALKER,PamelaJBashaw65127@gmail.com,10001,
GARY,HALL,SandraJLacy85123@gmail.com,10001,
TIMOTHY,ALLEN,AnnaAGray48345@gmail.com,10001,
JOSE,YOUNG,BarbaraMJohnson14257@gmail.com,10001,
LARRY,HERNANDEZ,MaryGGatlin51268@gmail.com,10001,
JEFFREY,KING,MoniqueGJimenez91743@gmail.com,10001,
FRANK,WRIGHT,MarilynMCampos95905@gmail.com,10001,
SCOTT,LOPEZ,MichelleRMcLemore74054@gmail.com,10001,
ERIC,HILL,RachelJMorse93687@gmail.com,10001,
STEPHEN,SCOTT,BarbaraCRogowski41936@gmail.com,10001,
ANDREW,GREEN,DeborahJCook07467@gmail.com,10001,
RAYMOND,ADAMS,CathleenTBabbitt65039@gmail.com,10001,
GREGORY,BAKER,ElsieJHart60764@gmail.com,10001,
JOSHUA,GONZALEZ,MaryDJohnson16750@gmail.com,10001,
JERRY,NELSON,bfduffgerfeufieu74745@gmail.com,10001,
DENNIS,CARTER,LucilleKHoggard92882@gmail.com,10001,
WALTER,MITCHELL,EvelynLLattimore51446@gmail.com,10001,
PATRICK,PEREZ,MarthaDCloud60851@gmail.com,10001,
PETER,ROBERTS,JoanNRendon54889@gmail.com,10001,
HAROLD,TURNER,ElizabethMMedlock50597@gmail.com,10001,
DOUGLAS,PHILLIPS,KarenJGarner03620@gmail.com,10001,
HENRY,CAMPBELL,KimberleyWNieves18721@gmail.com,10001,
CARL,PARKER,PatriciaJMitchell42174@gmail.com,10001,
ARTHUR,EVANS,BettyOHairston97366@gmail.com,10001,
RYAN,EDWARDS,LizzieJLoper28839@gmail.com,10001,
ROGER,COLLINS,ElizabethJRaminez86367@gmail.com,10001,
JOE,STEWART,CristenCScudder93225@gmail.com,10001,
JUAN,SANCHEZ,KarenLDavis38242@gmail.com,10001,
JACK,MORRIS,JoyDEllis59952@gmail.com,10001,
ALBERT,ROGERS,BeatriceRSantos79411@gmail.com,10001,
JONATHAN,REED,JessicaHWhite44886@gmail.com,10001,
JUSTIN,COOK,CharlotteEChandler23861@gmail.com,10001,
TERRY,MORGAN,TeresaLTowne01108@gmail.com,10001,
GERALD,BELL,AnnaAGray55029@gmail.com,10001,
KEITH,MURPHY,LaurenHElder59340@gmail.com,10001,
SAMUEL,BAILEY,EmmaPTorres26665@gmail.com,10001,
WILLIE,RIVERA,WillieTEnoch84993@gmail.com,10001,
RALPH,COOPER,MaryGGatlin63343@gmail.com,10001,
LAWRENCE,RICHARDSON,ElsieJHart01153@gmail.com,10001,
NICHOLAS,COX,KarenLDavis57816@gmail.com,10001,
ROY,HOWARD,VickiJLane94682@gmail.com,10001,
BENJAMIN,WARD,PatricaRJones30421@gmail.com,10001,
BRUCE,TORRES,MaeJDillard08567@gmail.com,10001,
BRANDON,PETERSON,ElsieJHart85215@gmail.com,10001,
ADAM,GRAY,IreneWNelson69445@gmail.com,10001,
HARRY,RAMIREZ,LucilleKHoggard24488@gmail.com,10001,
FRED,JAMES,LucilleKHoggard72982@gmail.com,10001,
WAYNE,WATSON,CrystalEPoole88400@gmail.com,10001,
BILLY,BROOKS,KarenCGrace68549@gmail.com,10001,
STEVE,KELLY,MeredithHAllred78324@gmail.com,10001,
LOUIS,SANDERS,JaniceJClark52535@gmail.com,10001,
JEREMY,PRICE,JohnnieLEchols64748@gmail.com,10001,
AARON,BENNETT,bgdhsfbhsuhrbbs7548@gmail.com,10001,
RANDY,WOOD,gdrhayrzgfgigbfvz5648@gmail.com,10001,
HOWARD,BARNES,NancyJWalker25692@gmail.com,10001,
EUGENE,ROSS,JacquelineDStamps94236@gmail.com,10001,
CARLOS,HENDERSON,KellyJStover94871@gmail.com,10001,
RUSSELL,COLEMAN,MyrtleSMercado08658@gmail.com,10001,
BOBBY,JENKINS,SarahMRivera21761@gmail.com,10001,
VICTOR,PERRY,MarthaSLee42576@gmail.com,10001,
MARTIN,POWELL,JoanneGMiller11650@gmail.com,10001,
ERNEST,LONG,AngelineGHerrera38348@gmail.com,10001,
PHILLIP,PATTERSON,BarbaraMJohnson98877@gmail.com,10001,
TODD,HUGHES,AnnTRoyall85626@gmail.com,10001,
JESSE,FLORES,EdithPNaranjo47571@gmail.com,10001,
CRAIG,WASHINGTON,KayleeRCrow19806@gmail.com,10001,
ALAN,BUTLER,ElenaSHernandez62819@gmail.com,10001,
SHAWN,SIMMONS,KarenDRios48936@gmail.com,10001,
CLARENCE,FOSTER,MelanieBLandry70384@gmail.com,10001,
SEAN,GONZALES,HeatherRDupre92918@gmail.com,10001,
PHILIP,BRYANT,LucilleMMartin49521@gmail.com,10001,
CHRIS,ALEXANDER,CarolynTPierson26256@gmail.com,10001,
JOHNNY,RUSSELL,BeatriceRSantos55474@gmail.com,10001,
EARL,GRIFFIN,MicheleJWagner09280@gmail.com,10001,
JIMMY,DIAZ,DeborahJCook11290@gmail.com,10001,
ANTONIO,HAYES,DianaDMorgan72093@gmail.com,10001,
DANNY,MYERS,Ditaminasion6754@gmail.com,10001,
BRYAN,FORD,Dashtranis6732@gmail.com,10001,
TONY,HAMILTON,Kharnathagni7852@gmail.com,10001,
LUIS,GRAHAM,rastamadon8552@gmail.com,10001,
MIKE,SULLIVAN,Chandromitam7632@gmail.com,10001,
STANLEY,WALLACE,Khanjahans7641@gmail.com,10001,
LEONARD,WOODS,Marjanshki7642@gmail.com,10001,
NATHAN,COLE,Madhubilotac7653@gmail.com,10001,
DALE,WEST,Bhishojeetk5631@gmail.com,10001,
MANUEL,JORDAN,kishikhais78412@gmail.com,10001,
RODNEY,OWENS,Mafiyavilasaq8752@gmail.com,10001,
CURTIS,REYNOLDS,Restorycise8752@gmail.com,10001,
NORMAN,FISHER,Restrahyfjhg9862@gmail.com,10001,
ALLEN,ELLIS,Restroyvis9852@gmail.com,10001,
MARVIN,HARRISON,Chandromita8963@gmail.com,10001,
VINCENT,GIBSON,Napaextra6424@gmail.com,10001,
GLENN,MCDONALD,Bhoopandro4555@gmail.com,10001,
JEFFERY,CRUZ,axtravinaxi0962@gmail.com,10001,
TRAVIS,MARSHALL,Qwqartarvas7642@gmail.com,10001,
JEFF,ORTIZ,Kadharnatha7531@gmail.com,10001,
CHAD,GOMEZ,Tytinaxtionu4151@gmail.com,10001,
JACOB,MURRAY,Azarbwytde9874@gmail.com,10001,
LEE,FREEMAN,Dashpiradxrayf8754@gmail.com,10001,
MELVIN,WELLS,rafhodilaza8752@gmail.com,10001,
ALFRED,WEBB,Kuilashihar5622@gmail.com,10001,
KYLE,SIMPSON,Xtranissan7678@gmail.com,10001,
FRANCIS,STEVENS,Simakimavinas5431@gmail.com,10001,
BRADLEY,TUCKER,Resfactory8643@gmail.com,10001,
JESUS,PORTER,Chandromita9852@gmail.com,10001,
HERBERT,HUNTER,Harbixitinyar7623@gmail.com,10001,
FREDERICK,HICKS,Tuloshibalas5412@gmail.com,10001,
RAY,CRAWFORD,Quiternixahad6320@gmail.com,10001,
JOEL,HENRY,Respiatory6434@gmail.com,10001,
EDWIN,BOYD,Abhushiraip6258@gmail.com,10001,
DON,MASON,Madhubilota5635@gmail.com,10001,
EDDIE,MORALES,Gopalnando6731@gmail.com,10001,
RICKY,KENNEDY,Vishamalkamu7653@gmail.com,10001,
TROY,WARREN,Bindhubala8742@gmail.com,10001,
RANDALL,DIXON,Narandromot7647@gmail.com,10001,
BARRY,RAMOS,Mahinesyt5362@gmail.com,10001,
ALEXANDER,REYES,Chingchong8733@gmail.com,10001,
BERNARD,BURNS,madhubilotach64@gmail.com,10001,
MARIO,GORDON,Farjhanavas45110@gmail.com,10001,
LEROY,SHAW,Dhamiskhac6512@gmail.com,10001,
FRANCISCO,HOLMES,Tomakarmokars763@gmail.com,10001,
MARCUS,RICE,Diradiramari8962@gmail.com,10001,
MICHEAL,ROBERTSON,marcoprekins5678856@gmail.com,10001,
THEODORE,HUNT,karlosbrath56378@gmail.com,10001,
CLIFFORD,BLACK,yolalandcarter245678@gmail.com,10001,
MIGUEL,DANIELS,derekwilson456718@gmail.com,10001,
OSCAR,PALMER,Lovely54fgfbfg@gmail.com,10001,
JAY,MILLS,Mile654132fbvf@gmail.com,10001,
JIM,NICHOLS,Tom6563dvdvv@gmail.com,10001,
TOM,GRANT,mike321vdvdv@gmail.com,10001,
CALVIN,KNIGHT,shakib54vdvv@gmail.com,10001,
ALEX,FERGUSON,Smith54vcbvb@gmail.com,10001,
JON,ROSE,Stive654vvcv@gmail.com,10001,
RONNIE,STONE,kelly54vdvb@gmail.com,10001,
BILL,HAWKINS,Adellee5123cvv@gmail.com,10001,
LLOYD,DUNN,Lara2fvf212@gmail.com,10001,
TOMMY,PERKINS,Malkova654352dcv@gmail.com,10001,
LEON,HUDSON,federa654fbvf6@gmail.com,10001,
DEREK,SPENCER,Mallui5145cv@gmail.com,10001,
WARREN,GARDNER,Pete251bv3b1v@gmail.com,10001,
DARRELL,STEPHENS,Justin231g3f2b@gmail.com,10001,
JEROME,PAYNE,Linda21dvdxc@gmail.com,10001,
FLOYD,PIERCE,Tom454ccdcv@gmail.com,10001,
LEO,BERRY,linda25n4gn@gmail.com,10001,
ALVIN,MATTHEWS,rathenm362v@gmail.com,10001,
TIM,ARNOLD,likhon2541vbfvb@gmail.com,10001,
WESLEY,WAGNER,Austin241bn@gmail.com,10001,
GORDON,WILLIS,linda212dvdd@gmail.com,10001,
DEAN,RAY,liz54dddde@gmail.com,10001,
GREG,WATKINS,kushal231b31b@gmail.com,10001,
JORGE,OLSON,rathar514nbm@gmail.com,10001,
DUSTIN,CARROLL,Tamim24fbbb@gmail.com,10001,
PEDRO,DUNCAN,leaon21bgb@gmail.com,10001,
DERRICK,SNYDER,Rabada524b5fgb@gmail.com,10001,
DAN,HART,Natasha21vbvv@gmail.com,10001,
LEWIS,CUNNINGHAM,slexmorgan15269@gmail.com,10001,
ZACHARY,BRADLEY,Rampling1424k@gmail.com,10001,
COREY,LANE,JanetBarnes34534@gmil.com,10001,
HERMAN,ANDREWS,StephanieLong4353@gmil.com,10001,
MAURICE,RUIZ,MildredColeman2342@gmil.com,10001,
VERNON,HARPER,KathleenHender567@gmil.com,10001,
ROBERTO,FOX,JuliaSmith534534@gmil.com,10001,
CLYDE,RILEY,LoisRodriguez6454@gmil.com,10001,
GLEN,ARMSTRONG,LauraWashington7876@gmil.com,10001,
HECTOR,CARPENTER,NormaBaker4564@gmil.com,10001,
SHANE,WEAVER,EvelynAllen3453@gmil.com,10001,
RICARDO,GREENE,AnnJenkins2342@gmil.com,10001,
SAM,LAWRENCE,AliceClark3423@gmil.com,10001,
RICK,ELLIOTT,JeanGriffin4234@gmil.com,10001,
LESTER,CHAVEZ,AmyBryant34324@gmil.com,10001,
BRENT,SIMS,AmandaTorres7897@gmil.com,10001,
RAMON,AUSTIN,LindaMartin6788@gmil.com,10001,
CHARLIE,PETERS,AnnaParker6768@gmil.com,10001,
TYLER,KELLEY,ShirleyMoore6756@gmil.com,10001,
GILBERT,FRANKLIN,MarilynHoward7567@gmil.com,10001,
GENE,LAWSON,DorothyWatson5646@gmil.com,10001,
MARC,FIELDS,BarbaraRobinson3454@gmil.com,10001,
REGINALD,GUTIERREZ,BrendaThomas2321@gmil.com,10001,done up to here
RUBEN,RYAN,,,
BRETT,SCHMIDT,,,
ANGEL,CARR,,,
NATHANIEL,VASQUEZ,,,
RAFAEL,CASTILLO,,,
LESLIE,WHEELER,,,
EDGAR,CHAPMAN,,,
MILTON,OLIVER,,,
RAUL,MONTGOMERY,,,
BEN,RICHARDS,,,
CHESTER,WILLIAMSON,,,
CECIL,JOHNSTON,,,
DUANE,BANKS,,,
FRANKLIN,MEYER,,,
ANDRE,BISHOP,,,
ELMER,MCCOY,,,
BRAD,HOWELL,,,
GABRIEL,ALVAREZ,,,
RON,MORRISON,,,
MITCHELL,HANSEN,,,
ROLAND,FERNANDEZ,,,
ARNOLD,GARZA,,,
HARVEY,HARVEY,,,
JARED,LITTLE,,,
ADRIAN,BURTON,,,
KARL,STANLEY,,,
CORY,NGUYEN,,,
CLAUDE,GEORGE,,,
ERIK,JACOBS,,,
DARRYL,REID,,,
JAMIE,KIM,,,
NEIL,FULLER,,,
JESSIE,LYNCH,,,
CHRISTIAN,DEAN,,,
JAVIER,GILBERT,,,
FERNANDO,GARRETT,,,
CLINTON,ROMERO,,,
TED,WELCH,,,
MATHEW,LARSON,,,
TYRONE,FRAZIER,,,
DARREN,BURKE,,,
LONNIE,HANSON,,,
LANCE,DAY,,,
CODY,MENDOZA,,,
JULIO,MORENO,,,
KELLY,BOWMAN,,,
KURT,MEDINA,,,
ALLAN,FOWLER,,,
NELSON,BREWER,,,
GUY,HOFFMAN,,,
CLAYTON,CARLSON,,,
HUGH,SILVA,,,
MAX,PEARSON,,,
DWAYNE,HOLLAND,,,
DWIGHT,DOUGLAS,,,
ARMANDO,FLEMING,,,
FELIX,JENSEN,,,
JIMMIE,VARGAS,,,
EVERETT,BYRD,,,
JORDAN,DAVIDSON,,,
IAN,HOPKINS,,,
WALLACE,MAY,,,
KEN,TERRY,,,
BOB,HERRERA,,,
JAIME,WADE,,,
CASEY,SOTO,,,
ALFREDO,WALTERS,,,
ALBERTO,CURTIS,,,
DAVE,NEAL,,,
IVAN,CALDWELL,,,
JOHNNIE,LOWE,,,
SIDNEY,JENNINGS,,,
BYRON,BARNETT,,,
JULIAN,GRAVES,,,
ISAAC,JIMENEZ,,,
MORRIS,HORTON,,,
CLIFTON,SHELTON,,,
WILLARD,BARRETT,,,
DARYL,OBRIEN,,,
ROSS,CASTRO,,,
VIRGIL,SUTTON,,,
ANDY,GREGORY,,,
ORLANDO,SHARP,,,
REX,BOWEN,,,
CARLTON,DANIEL,,,
ERNESTO,BARBER,,,
CAMERON,CUMMINGS,,,
NEAL,HINES,,,
PABLO,BALDWIN,,,
LORENZO,GRIFFITH,,,
OMAR,VALDEZ,,,
WILBUR,HUBBARD,,,
BLAKE,SALAZAR,,,
GRANT,REEVES,,,
HORACE,WARNER,,,
RODERICK,STEVENSON,,,
KERRY,BURGESS,,,
ABRAHAM,SANTOS,,,
WILLIS,TATE,,,
RICKEY,CROSS,,,
JEAN,GARNER,,,
IRA,MANN,,,
ANDRES,MACK,,,
CESAR,MOSS,,,
JOHNATHAN,THORNTON,,,
MALCOLM,DENNIS,,,
RUDOLPH,MCGEE,,,
DAMON,FARMER,,,
KELVIN,DELGADO,,,
RUDY,AGUILAR,,,
PRESTON,VEGA,,,
ALTON,GLOVER,,,
ARCHIE,MANNING,,,
MARCO,COHEN,,,
WM,HARMON,,,
PETE,RODGERS,,,
RANDOLPH,ROBBINS,,,
GARRY,NEWTON,,,
GEOFFREY,TODD,,,
JONATHON,BLAIR,,,
FELIPE,HIGGINS,,,
BENNIE,INGRAM,,,
GERARDO,REESE,,,
ED,CANNON,,,
DOMINIC,STRICKLAND,,,
ROBIN,TOWNSEND,,,
LOREN,POTTER,,,
DELBERT,GOODWIN,,,
COLIN,WALTON,,,
GUILLERMO,ROWE,,,
EARNEST,HAMPTON,,,
LUCAS,ORTEGA,,,
BENNY,PATTON,,,
NOEL,SWANSON,,,
SPENCER,JOSEPH,,,
RODOLFO,FRANCIS,,,
MYRON,GOODMAN,,,
EDMUND,MALDONADO,,,
GARRETT,YATES,,,
SALVATORE,BECKER,,,
CEDRIC,ERICKSON,,,
LOWELL,HODGES,,,
GREGG,RIOS,,,
SHERMAN,CONNER,,,
WILSON,ADKINS,,,
DEVIN,WEBSTER,,,
SYLVESTER,NORMAN,,,
KIM,MALONE,,,
ROOSEVELT,HAMMOND,,,
ISRAEL,FLOWERS,,,
JERMAINE,COBB,,,
FORREST,MOODY,,,
WILBERT,QUINN,,,
LELAND,BLAKE,,,
SIMON,MAXWELL,,,
GUADALUPE,POPE,,,
CLARK,FLOYD,,,
IRVING,OSBORNE,,,
CARROLL,PAUL,,,
BRYANT,MCCARTHY,,,
OWEN,GUERRERO,,,
RUFUS,LINDSEY,,,
WOODROW,ESTRADA,,,
SAMMY,SANDOVAL,,,
KRISTOPHER,GIBBS,,,
MACK,TYLER,,,
LEVI,GROSS,,,
MARCOS,FITZGERALD,,,
GUSTAVO,STOKES,,,
JAKE,DOYLE,,,
LIONEL,SHERMAN,,,
MARTY,SAUNDERS,,,
TAYLOR,WISE,,,
ELLIS,COLON,,,
DALLAS,GILL,,,
GILBERTO,ALVARADO,,,
CLINT,GREER,,,
NICOLAS,PADILLA,,,
LAURENCE,SIMON,,,
ISMAEL,WATERS,,,
ORVILLE,NUNEZ,,,
DREW,BALLARD,,,
JODY,SCHWARTZ,,,
ERVIN,MCBRIDE,,,
DEWEY,HOUSTON,,,
AL,CHRISTENSEN,,,
WILFRED,KLEIN,,,
JOSH,PRATT,,,
HUGO,BRIGGS,,,
IGNACIO,PARSONS,,,
CALEB,MCLAUGHLIN,,,
TOMAS,ZIMMERMAN,,,
SHELDON,FRENCH,,,
ERICK,BUCHANAN,,,
FRANKIE,MORAN,,,
STEWART,COPELAND,,,
DOYLE,ROY,,,
DARREL,PITTMAN,,,
ROGELIO,BRADY,,,
TERENCE,MCCORMICK,,,
SANTIAGO,HOLLOWAY,,,
ALONZO,BROCK,,,
ELIAS,POOLE,,,
BERT,FRANK,,,
ELBERT,LOGAN,,,
RAMIRO,OWEN,,,
CONRAD,BASS,,,
PAT,MARSH,,,
NOAH,DRAKE,,,
GRADY,WONG,,,
PHIL,JEFFERSON,,,
CORNELIUS,PARK,,,
LAMAR,MORTON,,,
ROLANDO,ABBOTT,,,
CLAY,SPARKS,,,
PERCY,PATRICK,,,
DEXTER,NORTON,,,
BRADFORD,HUFF,,,
MERLE,CLAYTON,,,
DARIN,MASSEY,,,
AMOS,LLOYD,,,
TERRELL,FIGUEROA,,,
MOSES,CARSON,,,
IRVIN,BOWERS,,,
SAUL,ROBERSON,,,
ROMAN,BARTON,,,
DARNELL,TRAN,,,
RANDAL,LAMB,,,
TOMMIE,HARRINGTON,,,
TIMMY,CASEY,,,
DARRIN,BOONE,,,
WINSTON,CORTEZ,,,
BRENDAN,CLARKE,,,
TOBY,MATHIS,,,
VAN,SINGLETON,,,
ABEL,WILKINS,,,
DOMINICK,CAIN,,,
BOYD,BRYAN,,,
COURTNEY,UNDERWOOD,,,
JAN,HOGAN,,,
EMILIO,MCKENZIE,,,
ELIJAH,COLLIER,,,
CARY,LUNA,,,
DOMINGO,PHELPS,,,
SANTOS,MCGUIRE,,,
AUBREY,ALLISON,,,
EMMETT,BRIDGES,,,
MARLON,WILKERSON,,,
EMANUEL,NASH,,,
JERALD,SUMMERS,,,
EDMOND,ATKINS,,,
EMIL,WILCOX,,,
DEWAYNE,PITTS,,,
WILL,CONLEY,,,
OTTO,MARQUEZ,,,
TEDDY,BURNETT,,,
REYNALDO,RICHARD,,,
BRET,COCHRAN,,,
MORGAN,CHASE,,,
JESS,DAVENPORT,,,
TRENT,HOOD,,,
HUMBERTO,GATES,,,
EMMANUEL,CLAY,,,
STEPHAN,AYALA,,,
LOUIE,SAWYER,,,
VICENTE,ROMAN,,,
LAMONT,VAZQUEZ,,,
STACY,DICKERSON,,,
GARLAND,HODGE,,,
MILES,ACOSTA,,,
MICAH,FLYNN,,,
EFRAIN,ESPINOZA,,,
BILLIE,NICHOLSON,,,
LOGAN,MONROE,,,
HEATH,WOLF,,,
RODGER,MORROW,,,
HARLEY,KIRK,,,
DEMETRIUS,RANDALL,,,
ETHAN,ANTHONY,,,
ELDON,WHITAKER,,,
ROCKY,OCONNOR,,,
PIERRE,SKINNER,,,
JUNIOR,WARE,,,
FREDDY,MOLINA,,,
ELI,KIRBY,,,
BRYCE,HUFFMAN,,,
ANTOINE,BRADFORD,,,
ROBBIE,CHARLES,,,
KENDALL,GILMORE,,,
ROYCE,DOMINGUEZ,,,
STERLING,ONEAL,,,
MICKEY,BRUCE,,,
CHASE,LANG,,,
GROVER,COMBS,,,
ELTON,KRAMER,,,
CLEVELAND,HEATH,,,
DYLAN,HANCOCK,,,
CHUCK,GALLAGHER,,,
DAMIAN,GAINES,,,
REUBEN,SHAFFER,,,
STAN,SHORT,,,
AUGUST,WIGGINS,,,
LEONARDO,MATHEWS,,,
JASPER,MCCLAIN,,,
RUSSEL,FISCHER,,,
ERWIN,WALL,,,
BENITO,SMALL,,,
HANS,MELTON,,,
MONTE,HENSLEY,,,
BLAINE,BOND,,,
ERNIE,DYER,,,
CURT,CAMERON,,,
QUENTIN,GRIMES,,,
AGUSTIN,CONTRERAS,,,
MURRAY,CHRISTIAN,,,
JAMAL,WYATT,,,
DEVON,BAXTER,,,
ADOLFO,SNOW,,,
HARRISON,MOSLEY,,,
TYSON,SHEPHERD,,,
BURTON,LARSEN,,,
BRADY,HOOVER,,,
ELLIOTT,BEASLEY,,,
WILFREDO,GLENN,,,
BART,PETERSEN,,,
JARROD,WHITEHEAD,,,
VANCE,MEYERS,,,
DENIS,KEITH,,,
DAMIEN,GARRISON,,,
JOAQUIN,VINCENT,,,
HARLAN,SHIELDS,,,
DESMOND,HORN,,,
ELLIOT,SAVAGE,,,
DARWIN,OLSEN,,,
ASHLEY,SCHROEDER,,,
GREGORIO,HARTMAN,,,
BUDDY,WOODARD,,,
XAVIER,MUELLER,,,
KERMIT,KEMP,,,
ROSCOE,DELEON,,,
ESTEBAN,BOOTH,,,
ANTON,PATEL,,,
SOLOMON,CALHOUN,,,
SCOTTY,WILEY,,,
NORBERT,EATON,,,
ELVIN,CLINE,,,
WILLIAMS,NAVARRO,,,
NOLAN,HARRELL,,,
CAREY,LESTER,,,
ROD,HUMPHREY,,,
QUINTON,PARRISH,,,
HAL,DURAN,,,
BRAIN,HUTCHINSON,,,
ROB,HESS,,,
ELWOOD,DORSEY,,,
KENDRICK,BULLOCK,,,
DARIUS,ROBLES,,,
MOISES,BEARD,,,
SON,DALTON,,,
MARLIN,AVILA,,,
FIDEL,VANCE,,,
THADDEUS,RICH,,,
CLIFF,BLACKWELL,,,
MARCEL,YORK,,,
ALI,JOHNS,,,
JACKSON,BLANKENSHIP,,,
RAPHAEL,TREVINO,,,
BRYON,SALINAS,,,
ARMAND,CAMPOS,,,
ALVARO,PRUITT,,,
JEFFRY,MOSES,,,
DANE,CALLAHAN,,,
JOESPH,GOLDEN,,,
THURMAN,MONTOYA,,,
NED,HARDIN,,,
SAMMIE,GUERRA,,,
RUSTY,MCDOWELL,,,
MICHEL,CAREY,,,
MONTY,STAFFORD,,,
RORY,GALLEGOS,,,
FABIAN,HENSON,,,
REGGIE,WILKINSON,,,
MASON,BOOKER,,,
GRAHAM,MERRITT,,,
KRIS,MIRANDA,,,
ISAIAH,ATKINSON,,,
VAUGHN,ORR,,,
GUS,DECKER,,,
AVERY,HOBBS,,,
LOYD,PRESTON,,,
DIEGO,TANNER,,,
ALEXIS,KNOX,,,
ADOLPH,PACHECO,,,
NORRIS,STEPHENSON,,,
MILLARD,GLASS,,,
ROCCO,ROJAS,,,
GONZALO,SERRANO,,,
DERICK,MARKS,,,
RODRIGO,HICKMAN,,,
GERRY,ENGLISH,,,
STACEY,SWEENEY,,,
CARMEN,STRONG,,,
WILEY,PRINCE,,,
RIGOBERTO,MCCLURE,,,
ALPHONSO,CONWAY,,,
TY,WALTER,,,
SHELBY,ROTH,,,
RICKIE,MAYNARD,,,
NOE,FARRELL,,,
VERN,LOWERY,,,
BOBBIE,HURST,,,
REED,NIXON,,,
JEFFERSON,WEISS,,,
ELVIS,TRUJILLO,,,
BERNARDO,ELLISON,,,
MAURICIO,SLOAN,,,
HIRAM,JUAREZ,,,
DONOVAN,WINTERS,,,
BASIL,MCLEAN,,,
RILEY,RANDOLPH,,,
OLLIE,LEON,,,
NICKOLAS,BOYER,,,
MAYNARD,VILLARREAL,,,
SCOT,MCCALL,,,
VINCE,GENTRY,,,
QUINCY,CARRILLO,,,
EDDY,KENT,,,
SEBASTIAN,AYERS,,,
FEDERICO,LARA,,,
ULYSSES,SHANNON,,,
HERIBERTO,SEXTON,,,
DONNELL,PACE,,,
COLE,HULL,,,
DENNY,LEBLANC,,,
DAVIS,BROWNING,,,
GAVIN,VELASQUEZ,,,
EMERY,LEACH,,,
WARD,CHANG,,,
ROMEO,HOUSE,,,
JAYSON,SELLERS,,,
DION,HERRING,,,
DANTE,NOBLE,,,
CLEMENT,FOLEY,,,
COY,BARTLETT,,,
ODELL,MERCADO,,,
MAXWELL,LANDRY,,,
JARVIS,DURHAM,,,
BRUNO,WALLS,,,
ISSAC,BARR,,,
MARY,MCKEE,,,
DUDLEY,BAUER,,,
BROCK,RIVERS,,,
SANFORD,EVERETT,,,
COLBY,BRADSHAW,,,
CARMELO,PUGH,,,
BARNEY,VELEZ,,,
NESTOR,RUSH,,,
HOLLIS,ESTES,,,
STEFAN,DODSON,,,
DONNY,MORSE,,,
ART,SHEPPARD,,,
LINWOOD,WEEKS,,,
BEAU,CAMACHO,,,
WELDON,BEAN,,,
GALEN,BARRON,,,
ISIDRO,LIVINGSTON,,,
TRUMAN,MIDDLETON,,,
DELMAR,SPEARS,,,
JOHNATHON,BRANCH,,,
SILAS,BLEVINS,,,
FREDERIC,CHEN,,,
DICK,KERR,,,
KIRBY,MCCONNELL,,,
IRWIN,HATFIELD,,,
CRUZ,HARDING,,,
MERLIN,ASHLEY,,,
MERRILL,SOLIS,,,
CHARLEY,HERMAN,,,
MARCELINO,FROST,,,
LANE,GILES,,,
HARRIS,BLACKBURN,,,
CLEO,WILLIAM,,,
CARLO,PENNINGTON,,,
TRENTON,WOODWARD,,,
KURTIS,FINLEY,,,
HUNTER,MCINTOSH,,,
AURELIO,KOCH,,,
WINFRED,BEST,,,
VITO,SOLOMON,,,
COLLIN,MCCULLOUGH,,,
DENVER,DUDLEY,,,
CARTER,NOLAN,,,
LEONEL,BLANCHARD,,,
EMORY,RIVAS,,,
PASQUALE,BRENNAN,,,
MOHAMMAD,MEJIA,,,
MARIANO,KANE,,,
DANIAL,BENTON,,,
BLAIR,JOYCE,,,
LANDON,BUCKLEY,,,
DIRK,HALEY,,,
BRANDEN,VALENTINE,,,
ADAN,MADDOX,,,
NUMBERS,RUSSO,,,
CLAIR,MCKNIGHT,,,
BUFORD,BUCK,,,
GERMAN,MOON,,,
BERNIE,MCMILLAN,,,
WILMER,CROSBY,,,
JOAN,BERG,,,
EMERSON,DOTSON,,,
ZACHERY,MAYS,,,
FLETCHER,ROACH,,,
JACQUES,CHURCH,,,
ERROL,CHAN,,,
DALTON,RICHMOND,,,
MONROE,MEADOWS,,,
JOSUE,FAULKNER,,,
DOMINIQUE,ONEILL,,,
EDWARDO,KNAPP,,,
BOOKER,KLINE,,,
WILFORD,BARRY,,,
SONNY,OCHOA,,,
SHELTON,JACOBSON,,,
CARSON,GAY,,,
THERON,AVERY,,,
RAYMUNDO,HENDRICKS,,,
DAREN,HORNE,,,
TRISTAN,SHEPARD,,,
HOUSTON,HEBERT,,,
ROBBY,CHERRY,,,
LINCOLN,CARDENAS,,,
JAME,MCINTYRE,,,
GENARO,WHITNEY,,,
GALE,WALLER,,,
BENNETT,HOLMAN,,,
OCTAVIO,DONALDSON,,,
CORNELL,CANTU,,,
LAVERNE,TERRELL,,,
HUNG,MORIN,,,
ARRON,GILLESPIE,,,
ANTONY,FUENTES,,,
HERSCHEL,TILLMAN,,,
ALVA,SANFORD,,,
GIOVANNI,BENTLEY,,,
GARTH,PECK,,,
CYRUS,KEY,,,
CYRIL,SALAS,,,
RONNY,ROLLINS,,,
STEVIE,GAMBLE,,,
LON,DICKSON,,,
FREEMAN,BATTLE,,,
ERIN,SANTANA,,,
DUNCAN,CABRERA,,,
KENNITH,CERVANTES,,,
CARMINE,HOWE,,,
AUGUSTINE,HINTON,,,
YOUNG,HURLEY,,,
ERICH,SPENCE,,,
CHADWICK,ZAMORA,,,
WILBURN,YANG,,,
RUSS,MCNEIL,,,
REID,SUAREZ,,,
MYLES,CASE,,,
ANDERSON,PETTY,,,
MORTON,GOULD,,,
JONAS,MCFARLAND,,,
FOREST,SAMPSON,,,
MITCHEL,CARVER,,,
MERVIN,BRAY,,,
ZANE,ROSARIO,,,
RICH,MACDONALD,,,
JAMEL,STOUT,,,
LAZARO,HESTER,,,
ALPHONSE,MELENDEZ,,,
RANDELL,DILLON,,,
MAJOR,FARLEY,,,
JOHNIE,HOPPER,,,
JARRETT,GALLOWAY,,,
BROOKS,POTTS,,,
ARIEL,BERNARD,,,
ABDUL,JOYNER,,,
DUSTY,STEIN,,,
LUCIANO,AGUIRRE,,,
LINDSEY,OSBORN,,,
TRACEY,MERCER,,,
SEYMOUR,BENDER,,,
SCOTTIE,FRANCO,,,
EUGENIO,ROWLAND,,,
MOHAMMED,SYKES,,,
SANDY,BENJAMIN,,,
VALENTIN,TRAVIS,,,
CHANCE,PICKETT,,,
ARNULFO,CRANE,,,
LUCIEN,SEARS,,,
FERDINAND,MAYO,,,
THAD,DUNLAP,,,
EZRA,HAYDEN,,,
SYDNEY,WILDER,,,
ALDO,MCKAY,,,
RUBIN,COFFEY,,,
ROYAL,MCCARTY,,,
MITCH,EWING,,,
EARLE,COOLEY,,,
ABE,VAUGHAN,,,
WYATT,BONNER,,,
MARQUIS,COTTON,,,
LANNY,HOLDER,,,
KAREEM,STARK,,,
JAMAR,FERRELL,,,
BORIS,CANTRELL,,,
ISIAH,FULTON,,,
EMILE,LYNN,,,
ELMO,LOTT,,,
ARON,CALDERON,,,
LEOPOLDO,ROSA,,,
EVERETTE,POLLARD,,,
JOSEF,HOOPER,,,
GAIL,BURCH,,,
ELOY,MULLEN,,,
DORIAN,FRY,,,
RODRICK,RIDDLE,,,
REINALDO,LEVY,,,
LUCIO,DAVID,,,
JERROD,DUKE,,,
WESTON,ODONNELL,,,
HERSHEL,GUY,,,
BARTON,MICHAEL,,,
PARKER,BRITT,,,
LEMUEL,FREDERICK,,,
LAVERN,DAUGHERTY,,,
BURT,BERGER,,,
JULES,DILLARD,,,
GIL,ALSTON,,,
ELISEO,JARVIS,,,
AHMAD,FRYE,,,
NIGEL,RIGGS,,,
EFREN,CHANEY,,,
ANTWAN,ODOM,,,
ALDEN,DUFFY,,,
MARGARITO,FITZPATRICK,,,
COLEMAN,VALENZUELA,,,
REFUGIO,MERRILL,,,
DINO,MAYER,,,
OSVALDO,ALFORD,,,
LES,MCPHERSON,,,
DEANDRE,ACEVEDO,,,
NORMAND,DONOVAN,,,
KIETH,BARRERA,,,
IVORY,ALBERT,,,
ANDREA,COTE,,,
TREY,REILLY,,,
NORBERTO,COMPTON,,,
NAPOLEON,RAYMOND,,,
JEROLD,MOONEY,,,
FRITZ,MCGOWAN,,,
ROSENDO,CRAFT,,,
MILFORD,CLEVELAND,,,
SANG,CLEMONS,,,
DEON,WYNN,,,
CHRISTOPER,NIELSEN,,,
ALFONZO,BAIRD,,,
LYMAN,STANTON,,,
JOSIAH,SNIDER,,,
BRANT,ROSALES,,,
WILTON,BRIGHT,,,
RICO,WITT,,,
JAMAAL,STUART,,,
DEWITT,HAYS,,,
CAROL,HOLDEN,,,
BRENTON,RUTLEDGE,,,
YONG,KINNEY,,,
OLIN,CLEMENTS,,,
FOSTER,CASTANEDA,,,
FAUSTINO,SLATER,,,
CLAUDIO,HAHN,,,
JUDSON,EMERSON,,,
GINO,CONRAD,,,
EDGARDO,BURKS,,,
BERRY,DELANEY,,,
ALEC,PATE,,,
TANNER,LANCASTER,,,
JARRED,SWEET,,,
DONN,JUSTICE,,,
TRINIDAD,TYSON,,,
TAD,SHARPE,,,
SHIRLEY,WHITFIELD,,,
PRINCE,TALLEY,,,
PORFIRIO,MACIAS,,,
ODIS,IRWIN,,,
MARIA,BURRIS,,,
LENARD,RATLIFF,,,
CHAUNCEY,MCCRAY,,,
CHANG,MADDEN,,,
TOD,KAUFMAN,,,
MEL,BEACH,,,
MARCELO,GOFF,,,
KORY,CASH,,,
AUGUSTUS,BOLTON,,,
KEVEN,MCFADDEN,,,
HILARIO,LEVINE,,,
BUD,GOOD,,,
SAL,BYERS,,,
ROSARIO,KIRKLAND,,,
ORVAL,KIDD,,,
MAURO,WORKMAN,,,
DANNIE,CARNEY,,,
ZACHARIAH,DALE,,,
OLEN,MCLEOD,,,
ANIBAL,HOLCOMB,,,
MILO,ENGLAND,,,
JED,FINCH,,,
FRANCES,HEAD,,,
THANH,BURT,,,
DILLON,HENDRIX,,,
AMADO,SOSA,,,
NEWTON,HANEY,,,
CONNIE,FRANKS,,,
LENNY,SARGENT,,,
TORY,NIEVES,,,
RICHIE,DOWNS,,,
LUPE,RASMUSSEN,,,
HORACIO,BIRD,,,
BRICE,HEWITT,,,
MOHAMED,LINDSAY,,,
DELMER,LE,,,
DARIO,FOREMAN,,,
REYES,VALENCIA,,,
DEE,ONEIL,,,
MAC,DELACRUZ,,,
JONAH,VINSON,,,
JERROLD,DEJESUS,,,
ROBT,HYDE,,,
HANK,FORBES,,,
SUNG,GILLIAM,,,
RUPERT,GUTHRIE,,,
ROLLAND,WOOTEN,,,
KENTON,HUBER,,,
DAMION,BARLOW,,,
CHI,BOYLE,,,
ANTONE,MCMAHON,,,
WALDO,BUCKNER,,,
FREDRIC,ROCHA,,,
BRADLY,PUCKETT,,,
QUINN,LANGLEY,,,
KIP,KNOWLES,,,
BURL,COOKE,,,
WALKER,VELAZQUEZ,,,
TYREE,WHITLEY,,,
JEFFEREY,NOEL,,,
AHMED,VANG,,,
WILLY,SHEA,,,
STANFORD,ROUSE,,,
OREN,HARTLEY,,,
NOBLE,MAYFIELD,,,
MOSHE,ELDER,,,
MIKEL,RANKIN,,,
ENOCH,HANNA,,,
BRENDON,COWAN,,,
QUINTIN,LUCERO,,,
JAMISON,ARROYO,,,
FLORENCIO,SLAUGHTER,,,
DARRICK,HAAS,,,
TOBIAS,OCONNELL,,,
MINH,MINOR,,,
HASSAN,KENDRICK,,,
GIUSEPPE,SHIRLEY,,,
DEMARCUS,KENDALL,,,
CLETUS,BOUCHER,,,
TYRELL,ARCHER,,,
LYNDON,BOGGS,,,
KEENAN,ODELL,,,
WERNER,DOUGHERTY,,,
THEO,ANDERSEN,,,
GERALDO,NEWELL,,,
LOU,CROWE,,,
COLUMBUS,WANG,,,
CHET,FRIEDMAN,,,
BERTRAM,BLAND,,,
MARKUS,SWAIN,,,
HUEY,HOLLEY,,,
HILTON,FELIX,,,
DWAIN,PEARCE,,,
DONTE,CHILDS,,,
TYRON,YARBROUGH,,,
OMER,GALVAN,,,
ISAIAS,PROCTOR,,,
HIPOLITO,MEEKS,,,
FERMIN,LOZANO,,,
CHUNG,MORA,,,
ADALBERTO,RANGEL,,,
VALENTINE,BACON,,,
JAMEY,VILLANUEVA,,,
BO,SCHAEFER,,,
BARRETT,ROSADO,,,
WHITNEY,HELMS,,,
TEODORO,BOYCE,,,
MCKINLEY,GOSS,,,
MAXIMO,STINSON,,,
GARFIELD,SMART,,,
SOL,LAKE,,,
RALEIGH,IBARRA,,,
LAWERENCE,HUTCHINS,,,
ABRAM,COVINGTON,,,
RASHAD,REYNA,,,
KING,GREGG,,,
EMMITT,WERNER,,,
DARON,CROWLEY,,,
CHONG,HATCHER,,,
SAMUAL,MACKEY,,,
PARIS,BUNCH,,,
OTHA,WOMACK,,,
MIQUEL,POLK,,,
LACY,JAMISON,,,
EUSEBIO,DODD,,,
DONG,CHILDRESS,,,
DOMENIC,CHILDERS,,,
DARRON,CAMP,,,
BUSTER,VILLA,,,
ANTONIA,DYE,,,
WILBER,SPRINGER,,,
RENATO,MAHONEY,,,
JC,DAILEY,,,
HOYT,BELCHER,,,
HAYWOOD,LOCKHART,,,
EZEKIEL,GRIGGS,,,
CHAS,COSTA,,,
FLORENTINO,CONNOR,,,
ELROY,BRANDT,,,
CLEMENTE,WINTER,,,
ARDEN,WALDEN,,,
NEVILLE,MOSER,,,
KELLEY,TRACY,,,
EDISON,TATUM,,,
DESHAWN,MCCANN,,,
CARROL,AKERS,,,
SHAYNE,LUTZ,,,
NATHANIAL,PRYOR,,,
JORDON,LAW,,,
DANILO,OROZCO,,,
CLAUD,MCALLISTER,,,
VAL,LUGO,,,
SHERWOOD,DAVIES,,,
RAYMON,SHOEMAKER,,,
RAYFORD,MADISON,,,
CRISTOBAL,RUTHERFORD,,,
AMBROSE,NEWSOME,,,
TITUS,MAGEE,,,
HYMAN,CHAMBERLAIN,,,
FELTON,BLANTON,,,
EZEQUIEL,SIMMS,,,
ERASMO,GODFREY,,,
STANTON,FLANAGAN,,,
LONNY,CRUM,,,
LEN,CORDOVA,,,
IKE,ESCOBAR,,,
MILAN,DOWNING,,,
LINO,SINCLAIR,,,
JAROD,DONAHUE,,,
HERB,KRUEGER,,,
ANDREAS,MCGINNIS,,,
WALTON,GORE,,,
RHETT,FARRIS,,,
PALMER,WEBBER,,,
JUDE,CORBETT,,,
DOUGLASS,ANDRADE,,,
CORDELL,STARR,,,
OSWALDO,LYON,,,
ELLSWORTH,YODER,,,
VIRGILIO,HASTINGS,,,
TONEY,MCGRATH,,,
NATHANAEL,SPIVEY,,,
DEL,KRAUSE,,,
BRITT,HARDEN,,,
BENEDICT,CRABTREE,,,
MOSE,KIRKPATRICK,,,
HONG,HOLLIS,,,
LEIGH,BRANDON,,,
JOHNSON,ARRINGTON,,,
ISREAL,ERVIN,,,
GAYLE,CLIFTON,,,
GARRET,RITTER,,,
FAUSTO,MCGHEE,,,
ASA,BOLDEN,,,
ARLEN,MALONEY,,,
ZACK,GAGNON,,,
WARNER,DUNBAR,,,
MODESTO,PONCE,,,
FRANCESCO,PIKE,,,
MANUAL,MAYES,,,
JAE,HEARD,,,
GAYLORD,BEATTY,,,
GASTON,MOBLEY,,,
FILIBERTO,KIMBALL,,,
DEANGELO,BUTTS,,,
MICHALE,MONTES,,,
GRANVILLE,HERBERT,,,
WES,GRADY,,,
MALIK,ELDRIDGE,,,
ZACKARY,BRAUN,,,
TUAN,HAMM,,,
NICKY,GIBBONS,,,
ELDRIDGE,SEYMOUR,,,
CRISTOPHER,MOYER,,,
CORTEZ,MANLEY,,,
ANTIONE,HERRON,,,
MALCOM,PLUMMER,,,
LONG,ELMORE,,,
KOREY,CRAMER,,,
JOSPEH,GARY,,,
COLTON,RUCKER,,,
WAYLON,HILTON,,,
VON,BLUE,,,
HOSEA,PIERSON,,,
SHAD,FONTENOT,,,
SANTO,FIELD,,,
RUDOLF,RUBIO,,,
ROLF,GRACE,,,
REY,GOLDSTEIN,,,
RENALDO,ELKINS,,,
MARCELLUS,WILLS,,,
LUCIUS,NOVAK,,,
LESLEY,JOHN,,,
KRISTOFER,HICKEY,,,
BOYCE,WORLEY,,,
BENTON,GORMAN,,,
MAN,KATZ,,,
KASEY,DICKINSON,,,
JEWELL,BROUSSARD,,,
HAYDEN,FRITZ,,,
HARLAND,WOODRUFF,,,
ARNOLDO,CROW,,,
RUEBEN,CHRISTOPHER,,,
LEANDRO,BRITTON,,,
KRAIG,FORREST,,,
JERRELL,NANCE,,,
JEROMY,LEHMAN,,,
HOBERT,BINGHAM,,,
CEDRICK,ZUNIGA,,,
ARLIE,WHALEY,,,
WINFORD,SHAFER,,,
WALLY,COFFMAN,,,
PATRICIA,STEWARD,,,
LUIGI,DELAROSA,,,
KENETH,NIX,,,
JACINTO,NEELY,,,
GRAIG,NUMBERS,,,
FRANKLYN,MATA,,,
EDMUNDO,MANUEL,,,
SID,DAVILA,,,
PORTER,MCCABE,,,
LEIF,KESSLER,,,
LAUREN,EMERY,,,
JERAMY,BOWLING,,,
ELISHA,HINKLE,,,
BUCK,WELSH,,,
WILLIAN,PAGAN,,,
VINCENZO,GOLDBERG,,,
SHON,GOINS,,,
MICHAL,CROUCH,,,
LYNWOOD,CUEVAS,,,
LINDSAY,QUINONES,,,
JEWEL,MCDERMOTT,,,
JERE,HENDRICKSON,,,
HAI,SAMUELS,,,
ELDEN,DENTON,,,
DORSEY,BERGERON,,,
DARELL,LAM,,,
BRODERICK,IVEY,,,
ALONSO,LOCKE,,,
