first_name,last_name,email,zip
MARSHALL,MCKINNEY,BarbaraDMeadows30292@gmail.com,10001
SALVADOR,LUCAS,DorothyDHutchens92672@gmail.com,10001
PERRY,MILES,HollySValles52713@gmail.com,10001
KIRK,CRAIG,HelenRFabela77893@gmail.com,10001
SERGIO,RODRIQUEZ,AnnTRoyall95771@gmail.com,10001
MARION,CHAMBERS,GraceDForth97976@gmail.com,10001
TRACY,HOLT,BarbaraMJohnson14257@gmail.com,10001
SETH,LAMBERT,MoniqueGJimenez91743@gmail.com,10001
KENT,FLETCHER,MarilynMCampos95905@gmail.com,10001
TERRANCE,WATTS,DeborahJCook07467@gmail.com,10001
RENE,BATES,CathleenTBabbitt65039@gmail.com,10001
EDUARDO,HALE,ElsieJHart60764@gmail.com,10001
TERRENCE,RHODES,MaryDJohnson16750@gmail.com,10001
ENRIQUE,PENA,bfduffgerfeufieu74745@gmail.com,10001
FREDDIE,BECK,LizzieJLoper28839@gmail.com,10001
WADE,NEWMAN,BeatriceRSantos79411@gmail.com,10001
AUSTIN,HAYNES,CharlotteEChandler23861@gmail.com,10001
STUART,MCDANIEL,TeresaLTowne01108@gmail.com,10001
FREDRICK,MENDEZ,gdrhayrzgfgigbfvz5648@gmail.com,10001
ARTURO,BUSH,MyrtleSMercado08658@gmail.com,10001
ALEJANDRO,VAUGHN,SarahMRivera21761@gmail.com,10001
JACKIE,PARKS,AngelineGHerrera38348@gmail.com,10001
JOEY,DAWSON,BarbaraMJohnson98877@gmail.com,10001
NICK,SANTIAGO,ElenaSHernandez62819@gmail.com,10001
LUTHER,NORRIS,KarenDRios48936@gmail.com,10001
WENDELL,HARDY,Mafiyavilasaq8752@gmail.com,10001
JEREMIAH,LOVE,Restorycise8752@gmail.com,10001
EVAN,STEELE,Restrahyfjhg9862@gmail.com,10001
JULIUS,CURRY,Chandromita8963@gmail.com,10001
DANA,POWERS,Napaextra6424@gmail.com,10001
DONNIE,SCHULTZ,Dashpiradxrayf8754@gmail.com,10001
OTIS,BARKER,rafhodilaza8752@gmail.com,10001
SHANNON,GUZMAN,Tuloshibalas5412@gmail.com,10001
TREVOR,PAGE,Madhubilota5635@gmail.com,10001
OLIVER,MUNOZ,Narandromot7647@gmail.com,10001
LUKE,BALL,Mahinesyt5362@gmail.com,10001
HOMER,KELLER,Tom6563dvdvv@gmail.com,10001
GERARD,CHANDLER,Lara2fvf212@gmail.com,10001
DOUG,WEBER,Malkova654352dcv@gmail.com,10001
KENNY,LEONARD,federa654fbvf6@gmail.com,10001
HUBERT,WALSH,Tom454ccdcv@gmail.com,10001
ANGELO,LYONS,linda25n4gn@gmail.com,10001
SHAUN,RAMSEY,Rabada524b5fgb@gmail.com,10001
LYLE,WOLFE,LauraWashington7876@gmil.com,10001
MATT,SCHNEIDER,AmyBryant34324@gmil.com,10001
LYNN,MULLINS,AmandaTorres7897@gmil.com,10001
ALFONSO,BENSON,LindaMartin6788@gmil.com,10001
,,,10001
,,,10001
,,,10001
,,,10001
,,,10001
,,,10001
,,,10001
,,,10001
,,,10001
,,,10001
,,,10001
,,,10001
,,,10001
,,,10001
,,,10001
,,,10001
,,,10001
,,,10001
,,,10001
,,,10001
,,,10001
,,,10001
,,,10001
,,,10001
,,,10001
,,,10001
,,,10001
,,,10001
,,,10001
,,,10001
,,,10001
,,,10001
,,,10001
,,,10001
,,,10001
,,,10001
,,,10001
,,,10001
,,,10001
,,,10001
,,,10001
,,,10001
,,,10001
,,,10001
,,,10001
,,,10001
,,,10001
,,,10001
,,,10001
,,,10001
,,,10001
,,,10001
,,,10001
